"department","M_i","pi_i"
"Physics",60,1
"Biology",77,1
"Mathematics",82,1
"Music",62,1
"Romance Studies",66,1
"Economics",81,1
"Psychology & Neuroscience",59,1
"International Comparative Studies",5,0.0924608819345661
"Literature",25,0.462304409672831
"Art, Art History & Visual Studies",44,0.813655761024182
"Evolutionary Anthropology",26,0.480796586059744
"Computer Science",48,0.887624466571835
"Classical Studies",19,0.351351351351351
"Dance Program",21,0.388335704125178
"History",47,0.869132290184922
"Army Reserve Officer Training Corps (ROTC)",5,0.0924608819345661
"Cinematic Arts",7,0.129445234708393
"Cultural Anthropology",23,0.425320056899004
"Political Science",43,0.795163584637269
"Sociology",35,0.647226173541963
