"stratum","department","faculty_id","n_h"
1,"African & African American Studies",7,3
1,"African & African American Studies",9,3
1,"African & African American Studies",16,3
2,"Air Force Reserve Officer Training Corps (ROTC)",4,1
3,"Army Reserve Officer Training Corps (ROTC)",4,1
4,"Art, Art History & Visual Studies",1,7
4,"Art, Art History & Visual Studies",4,7
4,"Art, Art History & Visual Studies",9,7
4,"Art, Art History & Visual Studies",28,7
4,"Art, Art History & Visual Studies",31,7
4,"Art, Art History & Visual Studies",38,7
4,"Art, Art History & Visual Studies",40,7
5,"Asian & Middle Eastern Studies",3,8
5,"Asian & Middle Eastern Studies",12,8
5,"Asian & Middle Eastern Studies",14,8
5,"Asian & Middle Eastern Studies",21,8
5,"Asian & Middle Eastern Studies",23,8
5,"Asian & Middle Eastern Studies",32,8
5,"Asian & Middle Eastern Studies",34,8
5,"Asian & Middle Eastern Studies",45,8
6,"Asian Pacific Studies Institute",1,1
7,"Biology",15,13
7,"Biology",27,13
7,"Biology",34,13
7,"Biology",37,13
7,"Biology",38,13
7,"Biology",45,13
7,"Biology",46,13
7,"Biology",51,13
7,"Biology",61,13
7,"Biology",64,13
7,"Biology",66,13
7,"Biology",74,13
7,"Biology",77,13
8,"Chemistry",5,6
8,"Chemistry",8,6
8,"Chemistry",9,6
8,"Chemistry",14,6
8,"Chemistry",33,6
8,"Chemistry",34,6
9,"Cinematic Arts",5,1
10,"Classical Studies",5,3
10,"Classical Studies",8,3
10,"Classical Studies",13,3
11,"Computational Media, Arts & Cultures",4,1
12,"Computer Science",1,8
12,"Computer Science",7,8
12,"Computer Science",10,8
12,"Computer Science",14,8
12,"Computer Science",15,8
12,"Computer Science",29,8
12,"Computer Science",34,8
12,"Computer Science",46,8
13,"Cultural Anthropology",2,4
13,"Cultural Anthropology",10,4
13,"Cultural Anthropology",11,4
13,"Cultural Anthropology",12,4
14,"Dance Program",3,4
14,"Dance Program",13,4
14,"Dance Program",16,4
14,"Dance Program",19,4
15,"Economics",2,14
15,"Economics",6,14
15,"Economics",8,14
15,"Economics",10,14
15,"Economics",20,14
15,"Economics",21,14
15,"Economics",23,14
15,"Economics",29,14
15,"Economics",48,14
15,"Economics",49,14
15,"Economics",60,14
15,"Economics",68,14
15,"Economics",78,14
15,"Economics",79,14
16,"Education",3,2
16,"Education",5,2
17,"English",3,8
17,"English",6,8
17,"English",9,8
17,"English",12,8
17,"English",13,8
17,"English",20,8
17,"English",27,8
17,"English",30,8
18,"Evolutionary Anthropology",2,4
18,"Evolutionary Anthropology",4,4
18,"Evolutionary Anthropology",13,4
18,"Evolutionary Anthropology",25,4
19,"FOCUS Program",1,1
20,"Gender, Sexuality & Feminist Studies",2,2
20,"Gender, Sexuality & Feminist Studies",3,2
21,"German Studies",5,2
21,"German Studies",13,2
22,"History",1,8
22,"History",9,8
22,"History",17,8
22,"History",22,8
22,"History",33,8
22,"History",37,8
22,"History",44,8
22,"History",47,8
23,"Information Science + Studies",1,1
24,"International Comparative Studies",2,1
25,"Linguistics",4,1
26,"Literature",6,4
26,"Literature",12,4
26,"Literature",13,4
26,"Literature",18,4
27,"Masters of Fine Arts in Experimental and Documentary Arts",1,1
28,"Mathematics",4,14
28,"Mathematics",17,14
28,"Mathematics",24,14
28,"Mathematics",33,14
28,"Mathematics",35,14
28,"Mathematics",36,14
28,"Mathematics",44,14
28,"Mathematics",56,14
28,"Mathematics",62,14
28,"Mathematics",63,14
28,"Mathematics",70,14
28,"Mathematics",76,14
28,"Mathematics",78,14
28,"Mathematics",79,14
29,"Music",2,10
29,"Music",12,10
29,"Music",20,10
29,"Music",29,10
29,"Music",36,10
29,"Music",42,10
29,"Music",49,10
29,"Music",50,10
29,"Music",55,10
29,"Music",56,10
30,"Philosophy",10,4
30,"Philosophy",18,4
30,"Philosophy",22,4
30,"Philosophy",23,4
31,"Physics",7,10
31,"Physics",16,10
31,"Physics",19,10
31,"Physics",28,10
31,"Physics",30,10
31,"Physics",37,10
31,"Physics",40,10
31,"Physics",43,10
31,"Physics",52,10
31,"Physics",56,10
32,"Political Science",5,7
32,"Political Science",12,7
32,"Political Science",27,7
32,"Political Science",28,7
32,"Political Science",32,7
32,"Political Science",41,7
32,"Political Science",43,7
33,"Psychology & Neuroscience",2,10
33,"Psychology & Neuroscience",12,10
33,"Psychology & Neuroscience",15,10
33,"Psychology & Neuroscience",22,10
33,"Psychology & Neuroscience",25,10
33,"Psychology & Neuroscience",27,10
33,"Psychology & Neuroscience",29,10
33,"Psychology & Neuroscience",34,10
33,"Psychology & Neuroscience",37,10
33,"Psychology & Neuroscience",55,10
34,"Religious Studies",3,3
34,"Religious Studies",11,3
34,"Religious Studies",17,3
35,"Romance Studies",12,11
35,"Romance Studies",17,11
35,"Romance Studies",25,11
35,"Romance Studies",27,11
35,"Romance Studies",29,11
35,"Romance Studies",31,11
35,"Romance Studies",44,11
35,"Romance Studies",49,11
35,"Romance Studies",50,11
35,"Romance Studies",55,11
35,"Romance Studies",56,11
36,"Slavic & Eurasian Studies",8,2
36,"Slavic & Eurasian Studies",10,2
37,"Sociology",4,6
37,"Sociology",5,6
37,"Sociology",18,6
37,"Sociology",20,6
37,"Sociology",24,6
37,"Sociology",34,6
38,"Sperling Center for Jewish Studies",3,2
38,"Sperling Center for Jewish Studies",10,2
39,"Statistical Science",7,5
39,"Statistical Science",10,5
39,"Statistical Science",17,5
39,"Statistical Science",21,5
39,"Statistical Science",25,5
40,"Theater Studies",14,3
40,"Theater Studies",15,3
40,"Theater Studies",17,3
41,"Writing and Rhetoric Program",9,5
41,"Writing and Rhetoric Program",15,5
41,"Writing and Rhetoric Program",16,5
41,"Writing and Rhetoric Program",20,5
41,"Writing and Rhetoric Program",25,5
