Stratum #,Dept name,# of faculty,Proportional allocation,Rounded allocation
1,African & African American Studies,19,3.193277311,3
2,Air Force Reserve Officer Training Corps (ROTC),4,0.6722689076,1
3,Army Reserve Officer Training Corps (ROTC),5,0.8403361345,1
4,"Art, Art History & Visual Studies",44,7.394957983,7
5,Asian & Middle Eastern Studies,45,7.56302521,8
6,Asian Pacific Studies Institute,1,0.1680672269,1
7,Biology,77,12.94117647,13
8,Chemistry,36,6.050420168,6
9,Cinematic Arts,7,1.176470588,1
10,Classical Studies,19,3.193277311,3
11,"Computational Media, Arts & Cultures",7,1.176470588,1
12,Computer Science,48,8.067226891,8
13,Cultural Anthropology,23,3.865546218,4
14,Dance Program,21,3.529411765,4
15,Economics,81,13.61344538,14
16,Education,11,1.848739496,2
17,English,50,8.403361345,8
18,Evolutionary Anthropology,26,4.369747899,4
19,FOCUS Program,1,0.1680672269,1
20,"Gender, Sexuality & Feminist Studies",13,2.18487395,2
21,German Studies,14,2.352941176,2
22,History,47,7.899159664,8
23,Information Science + Studies,1,0.1680672269,1
24,International Comparative Studies,5,0.8403361345,1
25,Linguistics,4,0.6722689076,1
26,Literature,25,4.201680672,4
27,Masters of Fine Arts in Experimental and Documentary Arts,1,0.1680672269,1
28,Mathematics,82,13.78151261,14
29,Music,62,10.42016807,10
30,Philosophy,24,4.033613445,4
31,Physics,60,10.08403361,10
32,Political Science,43,7.226890756,7
33,Psychology & Neuroscience,59,9.915966387,10
34,Religious Studies,20,3.361344538,3
35,Romance Studies,66,11.09243697,11
36,Slavic & Eurasian Studies,10,1.680672269,2
37,Sociology,35,5.882352941,6
38,Sperling Center for Jewish Studies,12,2.016806723,2
39,Statistical Science,32,5.378151261,5
40,Theater Studies,19,3.193277311,3
41,Writing and Rhetoric Program,31,5.210084034,5